{"cameraMode":{"drawMode":0,"name":"Shaded","section":"Shading Mode"},"sceneLighting":true,"audioPlay":false,"sceneViewState":{"showFog":true,"showMaterialUpdate":true,"showSkybox":true,"showFlares":true,"showImageEffects":true,"showParticleSystems":true},"in2DMode":false,"pivot":{"x":12.408472061157227,"y":3.0777833461761476,"z":14.229732513427735},"rotation":{"x":-0.39054912328720095,"y":-0.5719383358955383,"z":0.35604727268218996,"w":-0.6273662447929382},"size":22.0,"orthographic":false}